,OS,Apps,Initial Probability
0,Windows,[],0.3333333333333333
1,Ubuntu,[],0.3333333333333333
2,macOS,[],0.3333333333333333
